time,wind_speed,wind_dir,issue_time,lead_hours
2022-01-01 00:00:00,24.1,273,2022-01-01,0.0
2022-01-01 01:00:00,23.8,270,2022-01-01,1.0
2022-01-01 02:00:00,25.2,272,2022-01-01,2.0
2022-01-01 03:00:00,24.1,280,2022-01-01,3.0
2022-01-01 04:00:00,21.4,287,2022-01-01,4.0
2022-01-01 05:00:00,18.7,289,2022-01-01,5.0
2022-01-01 06:00:00,17.8,284,2022-01-01,6.0
2022-01-01 07:00:00,17.9,285,2022-01-01,7.0
2022-01-01 08:00:00,17.3,287,2022-01-01,8.0
2022-01-01 09:00:00,17.5,289,2022-01-01,9.0
2022-01-01 10:00:00,15.5,312,2022-01-01,10.0
2022-01-01 11:00:00,13.6,348,2022-01-01,11.0
2022-01-01 12:00:00,11.8,27,2022-01-01,12.0
2022-01-01 13:00:00,12.5,51,2022-01-01,13.0
2022-01-01 14:00:00,10.8,64,2022-01-01,14.0
2022-01-01 15:00:00,9.0,92,2022-01-01,15.0
2022-01-01 16:00:00,11.1,119,2022-01-01,16.0
2022-01-01 17:00:00,14.3,133,2022-01-01,17.0
2022-01-01 18:00:00,16.5,136,2022-01-01,18.0
2022-01-01 19:00:00,18.7,142,2022-01-01,19.0
2022-01-01 20:00:00,19.9,148,2022-01-01,20.0
2022-01-01 21:00:00,21.2,159,2022-01-01,21.0
2022-01-01 22:00:00,20.2,175,2022-01-01,22.0
2022-01-01 23:00:00,24.7,188,2022-01-01,23.0
2022-01-02 00:00:00,27.1,202,2022-01-02,0.0
2022-01-02 01:00:00,29.1,214,2022-01-02,1.0
2022-01-02 02:00:00,28.7,218,2022-01-02,2.0
2022-01-02 03:00:00,30.1,222,2022-01-02,3.0
2022-01-02 04:00:00,30.4,230,2022-01-02,4.0
2022-01-02 05:00:00,30.8,227,2022-01-02,5.0
2022-01-02 06:00:00,28.6,234,2022-01-02,6.0
2022-01-02 07:00:00,28.4,234,2022-01-02,7.0
2022-01-02 08:00:00,26.3,240,2022-01-02,8.0
2022-01-02 09:00:00,26.8,246,2022-01-02,9.0
2022-01-02 10:00:00,24.7,247,2022-01-02,10.0
2022-01-02 11:00:00,26.1,246,2022-01-02,11.0
2022-01-02 12:00:00,28.0,246,2022-01-02,12.0
2022-01-02 13:00:00,22.5,250,2022-01-02,13.0
2022-01-02 14:00:00,21.5,239,2022-01-02,14.0
2022-01-02 15:00:00,19.7,232,2022-01-02,15.0
2022-01-02 16:00:00,18.9,246,2022-01-02,16.0
2022-01-02 17:00:00,37.3,253,2022-01-02,17.0
2022-01-02 18:00:00,31.9,256,2022-01-02,18.0
2022-01-02 19:00:00,35.2,252,2022-01-02,19.0
2022-01-02 20:00:00,38.4,253,2022-01-02,20.0
2022-01-02 21:00:00,36.0,278,2022-01-02,21.0
2022-01-02 22:00:00,39.8,286,2022-01-02,22.0
2022-01-02 23:00:00,34.6,284,2022-01-02,23.0
2022-01-03 00:00:00,31.0,279,2022-01-03,0.0
2022-01-03 01:00:00,30.3,275,2022-01-03,1.0
2022-01-03 02:00:00,27.0,271,2022-01-03,2.0
2022-01-03 03:00:00,26.4,264,2022-01-03,3.0
2022-01-03 04:00:00,25.2,268,2022-01-03,4.0
2022-01-03 05:00:00,24.9,268,2022-01-03,5.0
2022-01-03 06:00:00,25.6,267,2022-01-03,6.0
2022-01-03 07:00:00,26.0,260,2022-01-03,7.0
2022-01-03 08:00:00,28.2,256,2022-01-03,8.0
2022-01-03 09:00:00,31.4,257,2022-01-03,9.0
2022-01-03 10:00:00,33.4,262,2022-01-03,10.0
2022-01-03 11:00:00,32.0,258,2022-01-03,11.0
2022-01-03 12:00:00,33.0,259,2022-01-03,12.0
2022-01-03 13:00:00,32.7,256,2022-01-03,13.0
2022-01-03 14:00:00,37.0,257,2022-01-03,14.0
2022-01-03 15:00:00,35.0,255,2022-01-03,15.0
2022-01-03 16:00:00,35.1,255,2022-01-03,16.0
2022-01-03 17:00:00,36.0,252,2022-01-03,17.0
2022-01-03 18:00:00,35.8,248,2022-01-03,18.0
2022-01-03 19:00:00,34.9,248,2022-01-03,19.0
2022-01-03 20:00:00,35.8,248,2022-01-03,20.0
2022-01-03 21:00:00,35.9,244,2022-01-03,21.0
2022-01-03 22:00:00,37.0,242,2022-01-03,22.0
2022-01-03 23:00:00,37.2,240,2022-01-03,23.0
2022-01-04 00:00:00,34.5,243,2022-01-04,0.0
2022-01-04 01:00:00,34.6,242,2022-01-04,1.0
2022-01-04 02:00:00,35.0,241,2022-01-04,2.0
2022-01-04 03:00:00,34.9,244,2022-01-04,3.0
2022-01-04 04:00:00,33.0,242,2022-01-04,4.0
2022-01-04 05:00:00,30.9,238,2022-01-04,5.0
2022-01-04 06:00:00,30.3,235,2022-01-04,6.0
2022-01-04 07:00:00,31.0,234,2022-01-04,7.0
2022-01-04 08:00:00,29.2,232,2022-01-04,8.0
2022-01-04 09:00:00,29.4,230,2022-01-04,9.0
2022-01-04 10:00:00,31.2,231,2022-01-04,10.0
2022-01-04 11:00:00,27.9,231,2022-01-04,11.0
2022-01-04 12:00:00,24.0,227,2022-01-04,12.0
2022-01-04 13:00:00,22.2,223,2022-01-04,13.0
2022-01-04 14:00:00,23.4,226,2022-01-04,14.0
2022-01-04 15:00:00,26.0,225,2022-01-04,15.0
2022-01-04 16:00:00,25.2,248,2022-01-04,16.0
2022-01-04 17:00:00,24.5,256,2022-01-04,17.0
2022-01-04 18:00:00,20.5,298,2022-01-04,18.0
2022-01-04 19:00:00,19.8,289,2022-01-04,19.0
2022-01-04 20:00:00,20.9,274,2022-01-04,20.0
2022-01-04 21:00:00,27.4,270,2022-01-04,21.0
2022-01-04 22:00:00,28.2,265,2022-01-04,22.0
2022-01-04 23:00:00,27.9,256,2022-01-04,23.0
2022-01-05 00:00:00,26.8,258,2022-01-05,0.0
2022-01-05 01:00:00,29.2,260,2022-01-05,1.0
2022-01-05 02:00:00,29.6,257,2022-01-05,2.0
2022-01-05 03:00:00,30.7,254,2022-01-05,3.0
2022-01-05 04:00:00,28.5,244,2022-01-05,4.0
2022-01-05 05:00:00,30.5,235,2022-01-05,5.0
2022-01-05 06:00:00,33.1,235,2022-01-05,6.0
2022-01-05 07:00:00,33.9,233,2022-01-05,7.0
2022-01-05 08:00:00,34.1,228,2022-01-05,8.0
2022-01-05 09:00:00,40.3,229,2022-01-05,9.0
2022-01-05 10:00:00,41.5,236,2022-01-05,10.0
2022-01-05 11:00:00,39.6,249,2022-01-05,11.0
2022-01-05 12:00:00,36.3,252,2022-01-05,12.0
2022-01-05 13:00:00,34.3,253,2022-01-05,13.0
2022-01-05 14:00:00,33.5,251,2022-01-05,14.0
2022-01-05 15:00:00,32.2,250,2022-01-05,15.0
2022-01-05 16:00:00,30.8,244,2022-01-05,16.0
2022-01-05 17:00:00,30.8,240,2022-01-05,17.0
2022-01-05 18:00:00,30.0,241,2022-01-05,18.0
2022-01-05 19:00:00,19.0,260,2022-01-05,19.0
2022-01-05 20:00:00,22.0,325,2022-01-05,20.0
2022-01-05 21:00:00,21.0,325,2022-01-05,21.0
2022-01-05 22:00:00,21.7,328,2022-01-05,22.0
2022-01-05 23:00:00,25.1,333,2022-01-05,23.0
2022-01-06 00:00:00,26.2,333,2022-01-06,0.0
2022-01-06 01:00:00,27.1,331,2022-01-06,1.0
2022-01-06 02:00:00,28.8,340,2022-01-06,2.0
2022-01-06 03:00:00,25.5,327,2022-01-06,3.0
2022-01-06 04:00:00,26.9,325,2022-01-06,4.0
2022-01-06 05:00:00,28.5,332,2022-01-06,5.0
2022-01-06 06:00:00,30.9,343,2022-01-06,6.0
2022-01-06 07:00:00,30.4,349,2022-01-06,7.0
2022-01-06 08:00:00,27.2,345,2022-01-06,8.0
2022-01-06 09:00:00,26.1,334,2022-01-06,9.0
2022-01-06 10:00:00,25.9,331,2022-01-06,10.0
2022-01-06 11:00:00,23.5,324,2022-01-06,11.0
2022-01-06 12:00:00,23.2,318,2022-01-06,12.0
2022-01-06 13:00:00,20.6,313,2022-01-06,13.0
2022-01-06 14:00:00,16.9,304,2022-01-06,14.0
2022-01-06 15:00:00,15.3,297,2022-01-06,15.0
2022-01-06 16:00:00,13.4,294,2022-01-06,16.0
2022-01-06 17:00:00,10.8,291,2022-01-06,17.0
2022-01-06 18:00:00,11.4,281,2022-01-06,18.0
2022-01-06 19:00:00,13.7,270,2022-01-06,19.0
2022-01-06 20:00:00,17.1,262,2022-01-06,20.0
2022-01-06 21:00:00,18.7,254,2022-01-06,21.0
2022-01-06 22:00:00,18.4,242,2022-01-06,22.0
2022-01-06 23:00:00,18.0,237,2022-01-06,23.0
2022-01-07 00:00:00,19.0,241,2022-01-07,0.0
2022-01-07 01:00:00,17.6,247,2022-01-07,1.0
2022-01-07 02:00:00,16.7,245,2022-01-07,2.0
2022-01-07 03:00:00,18.0,250,2022-01-07,3.0
2022-01-07 04:00:00,20.6,237,2022-01-07,4.0
2022-01-07 05:00:00,23.6,232,2022-01-07,5.0
2022-01-07 06:00:00,23.7,226,2022-01-07,6.0
2022-01-07 07:00:00,26.3,221,2022-01-07,7.0
2022-01-07 08:00:00,27.1,220,2022-01-07,8.0
2022-01-07 09:00:00,27.7,215,2022-01-07,9.0
2022-01-07 10:00:00,29.6,214,2022-01-07,10.0
2022-01-07 11:00:00,30.7,214,2022-01-07,11.0
2022-01-07 12:00:00,32.7,220,2022-01-07,12.0
2022-01-07 13:00:00,30.7,219,2022-01-07,13.0
2022-01-07 14:00:00,29.6,221,2022-01-07,14.0
2022-01-07 15:00:00,27.8,223,2022-01-07,15.0
2022-01-07 16:00:00,28.6,229,2022-01-07,16.0
2022-01-07 17:00:00,27.9,231,2022-01-07,17.0
2022-01-07 18:00:00,27.0,228,2022-01-07,18.0
2022-01-07 19:00:00,25.5,234,2022-01-07,19.0
2022-01-07 20:00:00,24.5,242,2022-01-07,20.0
2022-01-07 21:00:00,24.7,247,2022-01-07,21.0
2022-01-07 22:00:00,19.5,245,2022-01-07,22.0
2022-01-07 23:00:00,19.7,235,2022-01-07,23.0
2022-01-08 00:00:00,19.6,229,2022-01-08,0.0
2022-01-08 01:00:00,18.3,225,2022-01-08,1.0
2022-01-08 02:00:00,16.8,223,2022-01-08,2.0
2022-01-08 03:00:00,20.9,224,2022-01-08,3.0
2022-01-08 04:00:00,18.8,225,2022-01-08,4.0
2022-01-08 05:00:00,17.8,227,2022-01-08,5.0
2022-01-08 06:00:00,17.8,227,2022-01-08,6.0
2022-01-08 07:00:00,18.4,239,2022-01-08,7.0
2022-01-08 08:00:00,16.3,242,2022-01-08,8.0
2022-01-08 09:00:00,20.0,242,2022-01-08,9.0
2022-01-08 10:00:00,23.6,239,2022-01-08,10.0
2022-01-08 11:00:00,24.8,234,2022-01-08,11.0
2022-01-08 12:00:00,30.1,233,2022-01-08,12.0
2022-01-08 13:00:00,30.5,231,2022-01-08,13.0
2022-01-08 14:00:00,33.9,227,2022-01-08,14.0
2022-01-08 15:00:00,35.7,229,2022-01-08,15.0
2022-01-08 16:00:00,34.7,228,2022-01-08,16.0
2022-01-08 17:00:00,33.0,230,2022-01-08,17.0
2022-01-08 18:00:00,31.3,226,2022-01-08,18.0
2022-01-08 19:00:00,30.1,227,2022-01-08,19.0
2022-01-08 20:00:00,26.3,221,2022-01-08,20.0
2022-01-08 21:00:00,24.4,217,2022-01-08,21.0
2022-01-08 22:00:00,23.0,212,2022-01-08,22.0
2022-01-08 23:00:00,19.9,202,2022-01-08,23.0
2022-01-09 00:00:00,22.8,185,2022-01-09,0.0
2022-01-09 01:00:00,24.0,171,2022-01-09,1.0
2022-01-09 02:00:00,26.7,164,2022-01-09,2.0
2022-01-09 03:00:00,27.9,163,2022-01-09,3.0
2022-01-09 04:00:00,27.5,166,2022-01-09,4.0
2022-01-09 05:00:00,27.9,165,2022-01-09,5.0
2022-01-09 06:00:00,28.3,154,2022-01-09,6.0
2022-01-09 07:00:00,28.6,146,2022-01-09,7.0
2022-01-09 08:00:00,27.4,147,2022-01-09,8.0
2022-01-09 09:00:00,26.1,150,2022-01-09,9.0
2022-01-09 10:00:00,27.6,147,2022-01-09,10.0
2022-01-09 11:00:00,27.0,143,2022-01-09,11.0
2022-01-09 12:00:00,24.4,135,2022-01-09,12.0
2022-01-09 13:00:00,22.4,138,2022-01-09,13.0
2022-01-09 14:00:00,18.8,137,2022-01-09,14.0
2022-01-09 15:00:00,17.1,132,2022-01-09,15.0
2022-01-09 16:00:00,18.8,126,2022-01-09,16.0
2022-01-09 17:00:00,20.5,121,2022-01-09,17.0
2022-01-09 18:00:00,21.4,119,2022-01-09,18.0
2022-01-09 19:00:00,20.8,124,2022-01-09,19.0
2022-01-09 20:00:00,19.6,126,2022-01-09,20.0
2022-01-09 21:00:00,18.2,120,2022-01-09,21.0
2022-01-09 22:00:00,18.7,109,2022-01-09,22.0
2022-01-09 23:00:00,20.1,105,2022-01-09,23.0
2022-01-10 00:00:00,19.8,109,2022-01-10,0.0
2022-01-10 01:00:00,18.8,110,2022-01-10,1.0
2022-01-10 02:00:00,17.7,107,2022-01-10,2.0
2022-01-10 03:00:00,18.9,99,2022-01-10,3.0
2022-01-10 04:00:00,18.6,100,2022-01-10,4.0
2022-01-10 05:00:00,17.5,104,2022-01-10,5.0
2022-01-10 06:00:00,16.5,100,2022-01-10,6.0
2022-01-10 07:00:00,17.0,94,2022-01-10,7.0
2022-01-10 08:00:00,17.7,95,2022-01-10,8.0
2022-01-10 09:00:00,18.4,96,2022-01-10,9.0
2022-01-10 10:00:00,20.6,95,2022-01-10,10.0
2022-01-10 11:00:00,21.3,93,2022-01-10,11.0
2022-01-10 12:00:00,20.1,99,2022-01-10,12.0
2022-01-10 13:00:00,19.8,100,2022-01-10,13.0
2022-01-10 14:00:00,18.6,99,2022-01-10,14.0
2022-01-10 15:00:00,17.0,103,2022-01-10,15.0
2022-01-10 16:00:00,16.7,109,2022-01-10,16.0
2022-01-10 17:00:00,16.4,116,2022-01-10,17.0
2022-01-10 18:00:00,15.0,120,2022-01-10,18.0
2022-01-10 19:00:00,14.7,121,2022-01-10,19.0
2022-01-10 20:00:00,14.4,122,2022-01-10,20.0
2022-01-10 21:00:00,14.1,128,2022-01-10,21.0
2022-01-10 22:00:00,12.5,136,2022-01-10,22.0
2022-01-10 23:00:00,11.5,141,2022-01-10,23.0
2022-01-11 00:00:00,14.1,140,2022-01-11,0.0
2022-01-11 01:00:00,14.3,146,2022-01-11,1.0
2022-01-11 02:00:00,14.0,154,2022-01-11,2.0
2022-01-11 03:00:00,14.3,162,2022-01-11,3.0
2022-01-11 04:00:00,14.4,177,2022-01-11,4.0
2022-01-11 05:00:00,13.1,189,2022-01-11,5.0
2022-01-11 06:00:00,12.2,194,2022-01-11,6.0
2022-01-11 07:00:00,13.6,191,2022-01-11,7.0
2022-01-11 08:00:00,14.9,195,2022-01-11,8.0
2022-01-11 09:00:00,18.1,201,2022-01-11,9.0
2022-01-11 10:00:00,18.9,201,2022-01-11,10.0
2022-01-11 11:00:00,20.7,197,2022-01-11,11.0
2022-01-11 12:00:00,24.1,197,2022-01-11,12.0
2022-01-11 13:00:00,23.7,193,2022-01-11,13.0
2022-01-11 14:00:00,21.7,199,2022-01-11,14.0
2022-01-11 15:00:00,20.8,206,2022-01-11,15.0
2022-01-11 16:00:00,20.0,210,2022-01-11,16.0
2022-01-11 17:00:00,18.8,212,2022-01-11,17.0
2022-01-11 18:00:00,18.4,219,2022-01-11,18.0
2022-01-11 19:00:00,19.1,223,2022-01-11,19.0
2022-01-11 20:00:00,18.6,227,2022-01-11,20.0
2022-01-11 21:00:00,18.6,221,2022-01-11,21.0
2022-01-11 22:00:00,20.1,224,2022-01-11,22.0
2022-01-11 23:00:00,20.4,226,2022-01-11,23.0
2022-01-12 00:00:00,20.6,227,2022-01-12,0.0
2022-01-12 01:00:00,21.7,228,2022-01-12,1.0
2022-01-12 02:00:00,21.8,231,2022-01-12,2.0
2022-01-12 03:00:00,21.1,233,2022-01-12,3.0
2022-01-12 04:00:00,22.9,237,2022-01-12,4.0
2022-01-12 05:00:00,21.9,245,2022-01-12,5.0
2022-01-12 06:00:00,19.6,253,2022-01-12,6.0
2022-01-12 07:00:00,14.8,264,2022-01-12,7.0
2022-01-12 08:00:00,10.7,284,2022-01-12,8.0
2022-01-12 09:00:00,12.6,268,2022-01-12,9.0
2022-01-12 10:00:00,16.8,279,2022-01-12,10.0
2022-01-12 11:00:00,18.8,282,2022-01-12,11.0
2022-01-12 12:00:00,18.9,283,2022-01-12,12.0
2022-01-12 13:00:00,19.5,272,2022-01-12,13.0
2022-01-12 14:00:00,19.5,266,2022-01-12,14.0
2022-01-12 15:00:00,21.9,256,2022-01-12,15.0
2022-01-12 16:00:00,26.8,263,2022-01-12,16.0
2022-01-12 17:00:00,28.5,274,2022-01-12,17.0
2022-01-12 18:00:00,29.9,271,2022-01-12,18.0
2022-01-12 19:00:00,29.9,269,2022-01-12,19.0
2022-01-12 20:00:00,33.4,263,2022-01-12,20.0
2022-01-12 21:00:00,36.8,267,2022-01-12,21.0
2022-01-12 22:00:00,39.3,273,2022-01-12,22.0
2022-01-12 23:00:00,37.8,273,2022-01-12,23.0
2022-01-13 00:00:00,40.0,273,2022-01-13,0.0
2022-01-13 01:00:00,38.9,273,2022-01-13,1.0
2022-01-13 02:00:00,40.0,273,2022-01-13,2.0
2022-01-13 03:00:00,42.8,270,2022-01-13,3.0
2022-01-13 04:00:00,42.6,274,2022-01-13,4.0
2022-01-13 05:00:00,42.3,279,2022-01-13,5.0
2022-01-13 06:00:00,43.5,280,2022-01-13,6.0
2022-01-13 07:00:00,43.9,282,2022-01-13,7.0
2022-01-13 08:00:00,43.1,283,2022-01-13,8.0
2022-01-13 09:00:00,43.1,283,2022-01-13,9.0
2022-01-13 10:00:00,43.2,281,2022-01-13,10.0
2022-01-13 11:00:00,42.4,280,2022-01-13,11.0
2022-01-13 12:00:00,41.7,280,2022-01-13,12.0
2022-01-13 13:00:00,45.3,282,2022-01-13,13.0
2022-01-13 14:00:00,43.1,280,2022-01-13,14.0
2022-01-13 15:00:00,41.4,283,2022-01-13,15.0
2022-01-13 16:00:00,40.3,281,2022-01-13,16.0
2022-01-13 17:00:00,42.4,280,2022-01-13,17.0
2022-01-13 18:00:00,45.3,280,2022-01-13,18.0
2022-01-13 19:00:00,44.7,277,2022-01-13,19.0
2022-01-13 20:00:00,45.3,277,2022-01-13,20.0
2022-01-13 21:00:00,45.4,278,2022-01-13,21.0
2022-01-13 22:00:00,45.8,278,2022-01-13,22.0
2022-01-13 23:00:00,44.9,279,2022-01-13,23.0
2022-01-14 00:00:00,45.4,270,2022-01-14,0.0
2022-01-14 01:00:00,46.5,272,2022-01-14,1.0
2022-01-14 02:00:00,45.2,275,2022-01-14,2.0
2022-01-14 03:00:00,47.2,278,2022-01-14,3.0
2022-01-14 04:00:00,49.9,281,2022-01-14,4.0
2022-01-14 05:00:00,52.5,285,2022-01-14,5.0
2022-01-14 06:00:00,51.3,288,2022-01-14,6.0
2022-01-14 07:00:00,50.2,288,2022-01-14,7.0
2022-01-14 08:00:00,45.9,294,2022-01-14,8.0
2022-01-14 09:00:00,44.2,300,2022-01-14,9.0
2022-01-14 10:00:00,40.7,304,2022-01-14,10.0
2022-01-14 11:00:00,36.0,304,2022-01-14,11.0
2022-01-14 12:00:00,32.5,309,2022-01-14,12.0
2022-01-14 13:00:00,34.7,318,2022-01-14,13.0
2022-01-14 14:00:00,31.5,321,2022-01-14,14.0
2022-01-14 15:00:00,28.2,321,2022-01-14,15.0
2022-01-14 16:00:00,25.0,320,2022-01-14,16.0
2022-01-14 17:00:00,23.4,315,2022-01-14,17.0
2022-01-14 18:00:00,22.4,312,2022-01-14,18.0
2022-01-14 19:00:00,21.9,311,2022-01-14,19.0
2022-01-14 20:00:00,20.7,305,2022-01-14,20.0
2022-01-14 21:00:00,21.7,306,2022-01-14,21.0
2022-01-14 22:00:00,20.9,311,2022-01-14,22.0
2022-01-14 23:00:00,18.9,309,2022-01-14,23.0
2022-01-15 00:00:00,19.4,313,2022-01-15,0.0
2022-01-15 01:00:00,18.9,309,2022-01-15,1.0
2022-01-15 02:00:00,19.8,303,2022-01-15,2.0
2022-01-15 03:00:00,19.7,308,2022-01-15,3.0
2022-01-15 04:00:00,18.4,310,2022-01-15,4.0
2022-01-15 05:00:00,16.1,309,2022-01-15,5.0
2022-01-15 06:00:00,14.6,308,2022-01-15,6.0
2022-01-15 07:00:00,13.1,307,2022-01-15,7.0
2022-01-15 08:00:00,11.5,311,2022-01-15,8.0
2022-01-15 09:00:00,11.5,309,2022-01-15,9.0
2022-01-15 10:00:00,10.0,296,2022-01-15,10.0
2022-01-15 11:00:00,10.1,287,2022-01-15,11.0
2022-01-15 12:00:00,6.1,273,2022-01-15,12.0
2022-01-15 13:00:00,8.0,243,2022-01-15,13.0
2022-01-15 14:00:00,11.6,248,2022-01-15,14.0
2022-01-15 15:00:00,14.1,251,2022-01-15,15.0
2022-01-15 16:00:00,16.2,249,2022-01-15,16.0
2022-01-15 17:00:00,18.1,247,2022-01-15,17.0
2022-01-15 18:00:00,20.5,252,2022-01-15,18.0
2022-01-15 19:00:00,20.1,261,2022-01-15,19.0
2022-01-15 20:00:00,19.1,270,2022-01-15,20.0
2022-01-15 21:00:00,17.7,272,2022-01-15,21.0
2022-01-15 22:00:00,18.0,267,2022-01-15,22.0
2022-01-15 23:00:00,18.9,257,2022-01-15,23.0
2022-01-16 00:00:00,18.0,250,2022-01-16,0.0
2022-01-16 01:00:00,19.0,243,2022-01-16,1.0
2022-01-16 02:00:00,19.3,241,2022-01-16,2.0
2022-01-16 03:00:00,22.8,239,2022-01-16,3.0
2022-01-16 04:00:00,22.3,232,2022-01-16,4.0
2022-01-16 05:00:00,24.0,230,2022-01-16,5.0
2022-01-16 06:00:00,25.5,227,2022-01-16,6.0
2022-01-16 07:00:00,26.8,229,2022-01-16,7.0
2022-01-16 08:00:00,29.2,232,2022-01-16,8.0
2022-01-16 09:00:00,30.8,233,2022-01-16,9.0
2022-01-16 10:00:00,30.5,240,2022-01-16,10.0
2022-01-16 11:00:00,30.5,237,2022-01-16,11.0
2022-01-16 12:00:00,34.0,260,2022-01-16,12.0
2022-01-16 13:00:00,34.2,262,2022-01-16,13.0
2022-01-16 14:00:00,35.2,262,2022-01-16,14.0
2022-01-16 15:00:00,35.5,260,2022-01-16,15.0
2022-01-16 16:00:00,33.5,258,2022-01-16,16.0
2022-01-16 17:00:00,37.7,260,2022-01-16,17.0
2022-01-16 18:00:00,40.8,266,2022-01-16,18.0
2022-01-16 19:00:00,40.0,267,2022-01-16,19.0
2022-01-16 20:00:00,42.1,270,2022-01-16,20.0
2022-01-16 21:00:00,43.3,278,2022-01-16,21.0
2022-01-16 22:00:00,44.5,279,2022-01-16,22.0
2022-01-16 23:00:00,47.2,278,2022-01-16,23.0
2022-01-17 00:00:00,51.2,273,2022-01-17,0.0
2022-01-17 01:00:00,54.4,272,2022-01-17,1.0
2022-01-17 02:00:00,56.6,274,2022-01-17,2.0
2022-01-17 03:00:00,59.8,277,2022-01-17,3.0
2022-01-17 04:00:00,58.2,278,2022-01-17,4.0
2022-01-17 05:00:00,52.9,294,2022-01-17,5.0
2022-01-17 06:00:00,37.8,320,2022-01-17,6.0
2022-01-17 07:00:00,33.3,332,2022-01-17,7.0
2022-01-17 08:00:00,29.5,317,2022-01-17,8.0
2022-01-17 09:00:00,33.4,311,2022-01-17,9.0
2022-01-17 10:00:00,36.2,314,2022-01-17,10.0
2022-01-17 11:00:00,37.9,316,2022-01-17,11.0
2022-01-17 12:00:00,34.8,309,2022-01-17,12.0
2022-01-17 13:00:00,33.9,315,2022-01-17,13.0
2022-01-17 14:00:00,32.3,322,2022-01-17,14.0
2022-01-17 15:00:00,29.2,330,2022-01-17,15.0
2022-01-17 16:00:00,25.0,327,2022-01-17,16.0
2022-01-17 17:00:00,22.7,317,2022-01-17,17.0
2022-01-17 18:00:00,22.7,316,2022-01-17,18.0
2022-01-17 19:00:00,20.6,314,2022-01-17,19.0
2022-01-17 20:00:00,20.9,312,2022-01-17,20.0
2022-01-17 21:00:00,18.9,309,2022-01-17,21.0
2022-01-17 22:00:00,19.0,307,2022-01-17,22.0
2022-01-17 23:00:00,18.9,309,2022-01-17,23.0
2022-01-18 00:00:00,17.1,318,2022-01-18,0.0
2022-01-18 01:00:00,15.3,319,2022-01-18,1.0
2022-01-18 02:00:00,16.3,315,2022-01-18,2.0
2022-01-18 03:00:00,17.1,316,2022-01-18,3.0
2022-01-18 04:00:00,15.1,320,2022-01-18,4.0
2022-01-18 05:00:00,14.3,317,2022-01-18,5.0
2022-01-18 06:00:00,13.5,318,2022-01-18,6.0
2022-01-18 07:00:00,13.5,312,2022-01-18,7.0
2022-01-18 08:00:00,13.7,305,2022-01-18,8.0
2022-01-18 09:00:00,14.7,306,2022-01-18,9.0
2022-01-18 10:00:00,11.6,296,2022-01-18,10.0
2022-01-18 11:00:00,14.4,274,2022-01-18,11.0
2022-01-18 12:00:00,15.9,276,2022-01-18,12.0
2022-01-18 13:00:00,19.8,270,2022-01-18,13.0
2022-01-18 14:00:00,22.4,264,2022-01-18,14.0
2022-01-18 15:00:00,23.0,261,2022-01-18,15.0
2022-01-18 16:00:00,23.1,268,2022-01-18,16.0
2022-01-18 17:00:00,24.4,261,2022-01-18,17.0
2022-01-18 18:00:00,26.2,257,2022-01-18,18.0
2022-01-18 19:00:00,28.9,264,2022-01-18,19.0
2022-01-18 20:00:00,28.7,263,2022-01-18,20.0
2022-01-18 21:00:00,27.6,262,2022-01-18,21.0
2022-01-18 22:00:00,28.2,266,2022-01-18,22.0
2022-01-18 23:00:00,27.1,265,2022-01-18,23.0
2022-01-19 00:00:00,24.9,275,2022-01-19,0.0
2022-01-19 01:00:00,26.4,275,2022-01-19,1.0
2022-01-19 02:00:00,28.4,271,2022-01-19,2.0
2022-01-19 03:00:00,30.2,271,2022-01-19,3.0
2022-01-19 04:00:00,30.6,273,2022-01-19,4.0
2022-01-19 05:00:00,29.2,268,2022-01-19,5.0
2022-01-19 06:00:00,28.2,260,2022-01-19,6.0
2022-01-19 07:00:00,30.1,255,2022-01-19,7.0
2022-01-19 08:00:00,33.5,251,2022-01-19,8.0
2022-01-19 09:00:00,34.9,251,2022-01-19,9.0
2022-01-19 10:00:00,34.8,250,2022-01-19,10.0
2022-01-19 11:00:00,33.8,246,2022-01-19,11.0
2022-01-19 12:00:00,34.5,247,2022-01-19,12.0
2022-01-19 13:00:00,33.7,247,2022-01-19,13.0
2022-01-19 14:00:00,33.3,242,2022-01-19,14.0
2022-01-19 15:00:00,32.4,241,2022-01-19,15.0
2022-01-19 16:00:00,35.0,240,2022-01-19,16.0
2022-01-19 17:00:00,38.5,240,2022-01-19,17.0
2022-01-19 18:00:00,39.5,237,2022-01-19,18.0
2022-01-19 19:00:00,43.1,229,2022-01-19,19.0
2022-01-19 20:00:00,43.5,227,2022-01-19,20.0
2022-01-19 21:00:00,47.2,230,2022-01-19,21.0
2022-01-19 22:00:00,39.6,255,2022-01-19,22.0
2022-01-19 23:00:00,47.4,284,2022-01-19,23.0
2022-01-20 00:00:00,47.3,285,2022-01-20,0.0
2022-01-20 01:00:00,42.5,290,2022-01-20,1.0
2022-01-20 02:00:00,39.6,292,2022-01-20,2.0
2022-01-20 03:00:00,39.8,291,2022-01-20,3.0
2022-01-20 04:00:00,35.9,308,2022-01-20,4.0
2022-01-20 05:00:00,35.0,310,2022-01-20,5.0
2022-01-20 06:00:00,35.9,313,2022-01-20,6.0
2022-01-20 07:00:00,33.1,314,2022-01-20,7.0
2022-01-20 08:00:00,33.9,316,2022-01-20,8.0
2022-01-20 09:00:00,37.9,324,2022-01-20,9.0
2022-01-20 10:00:00,37.8,319,2022-01-20,10.0
2022-01-20 11:00:00,37.2,322,2022-01-20,11.0
2022-01-20 12:00:00,40.7,326,2022-01-20,12.0
2022-01-20 13:00:00,37.1,321,2022-01-20,13.0
2022-01-20 14:00:00,34.7,318,2022-01-20,14.0
2022-01-20 15:00:00,33.9,317,2022-01-20,15.0
2022-01-20 16:00:00,35.8,326,2022-01-20,16.0
2022-01-20 17:00:00,35.9,329,2022-01-20,17.0
2022-01-20 18:00:00,35.0,326,2022-01-20,18.0
2022-01-20 19:00:00,38.0,327,2022-01-20,19.0
2022-01-20 20:00:00,37.1,328,2022-01-20,20.0
2022-01-20 21:00:00,36.8,326,2022-01-20,21.0
2022-01-20 22:00:00,33.3,321,2022-01-20,22.0
2022-01-20 23:00:00,32.0,322,2022-01-20,23.0
2022-01-21 00:00:00,31.6,319,2022-01-21,0.0
2022-01-21 01:00:00,32.4,318,2022-01-21,1.0
2022-01-21 02:00:00,32.7,319,2022-01-21,2.0
2022-01-21 03:00:00,32.1,319,2022-01-21,3.0
2022-01-21 04:00:00,31.6,319,2022-01-21,4.0
2022-01-21 05:00:00,31.2,321,2022-01-21,5.0
2022-01-21 06:00:00,30.7,321,2022-01-21,6.0
2022-01-21 07:00:00,28.9,321,2022-01-21,7.0
2022-01-21 08:00:00,27.4,321,2022-01-21,8.0
2022-01-21 09:00:00,29.7,324,2022-01-21,9.0
2022-01-21 10:00:00,28.0,325,2022-01-21,10.0
2022-01-21 11:00:00,26.9,321,2022-01-21,11.0
2022-01-21 12:00:00,28.4,327,2022-01-21,12.0
2022-01-21 13:00:00,24.9,307,2022-01-21,13.0
2022-01-21 14:00:00,29.5,308,2022-01-21,14.0
2022-01-21 15:00:00,29.2,303,2022-01-21,15.0
2022-01-21 16:00:00,28.3,307,2022-01-21,16.0
2022-01-21 17:00:00,26.6,310,2022-01-21,17.0
2022-01-21 18:00:00,24.2,314,2022-01-21,18.0
2022-01-21 19:00:00,23.6,322,2022-01-21,19.0
2022-01-21 20:00:00,22.7,335,2022-01-21,20.0
2022-01-21 21:00:00,20.7,347,2022-01-21,21.0
2022-01-21 22:00:00,17.1,353,2022-01-21,22.0
2022-01-21 23:00:00,18.4,3,2022-01-21,23.0
2022-01-22 00:00:00,18.2,9,2022-01-22,0.0
2022-01-22 01:00:00,18.4,11,2022-01-22,1.0
2022-01-22 02:00:00,16.7,7,2022-01-22,2.0
2022-01-22 03:00:00,16.6,359,2022-01-22,3.0
2022-01-22 04:00:00,17.7,355,2022-01-22,4.0
2022-01-22 05:00:00,17.5,352,2022-01-22,5.0
2022-01-22 06:00:00,16.6,356,2022-01-22,6.0
2022-01-22 07:00:00,15.9,3,2022-01-22,7.0
2022-01-22 08:00:00,13.0,6,2022-01-22,8.0
2022-01-22 09:00:00,13.0,2,2022-01-22,9.0
2022-01-22 10:00:00,12.5,348,2022-01-22,10.0
2022-01-22 11:00:00,11.0,341,2022-01-22,11.0
2022-01-22 12:00:00,10.3,331,2022-01-22,12.0
2022-01-22 13:00:00,9.9,316,2022-01-22,13.0
2022-01-22 14:00:00,8.9,302,2022-01-22,14.0
2022-01-22 15:00:00,7.1,300,2022-01-22,15.0
2022-01-22 16:00:00,5.5,302,2022-01-22,16.0
2022-01-22 17:00:00,8.4,277,2022-01-22,17.0
2022-01-22 18:00:00,5.5,259,2022-01-22,18.0
2022-01-22 19:00:00,7.2,252,2022-01-22,19.0
2022-01-22 20:00:00,8.8,251,2022-01-22,20.0
2022-01-22 21:00:00,7.2,243,2022-01-22,21.0
2022-01-22 22:00:00,8.5,242,2022-01-22,22.0
2022-01-22 23:00:00,11.6,234,2022-01-22,23.0
2022-01-23 00:00:00,8.1,257,2022-01-23,0.0
2022-01-23 01:00:00,9.6,257,2022-01-23,1.0
2022-01-23 02:00:00,9.7,272,2022-01-23,2.0
2022-01-23 03:00:00,10.1,287,2022-01-23,3.0
2022-01-23 04:00:00,10.2,302,2022-01-23,4.0
2022-01-23 05:00:00,9.9,316,2022-01-23,5.0
2022-01-23 06:00:00,8.4,317,2022-01-23,6.0
2022-01-23 07:00:00,6.4,313,2022-01-23,7.0
2022-01-23 08:00:00,3.6,264,2022-01-23,8.0
2022-01-23 09:00:00,8.0,280,2022-01-23,9.0
2022-01-23 10:00:00,8.9,297,2022-01-23,10.0
2022-01-23 11:00:00,9.0,286,2022-01-23,11.0
2022-01-23 12:00:00,10.0,300,2022-01-23,12.0
2022-01-23 13:00:00,7.6,295,2022-01-23,13.0
2022-01-23 14:00:00,11.1,283,2022-01-23,14.0
2022-01-23 15:00:00,11.4,281,2022-01-23,15.0
2022-01-23 16:00:00,12.2,289,2022-01-23,16.0
2022-01-23 17:00:00,10.4,272,2022-01-23,17.0
2022-01-23 18:00:00,12.2,272,2022-01-23,18.0
2022-01-23 19:00:00,13.4,284,2022-01-23,19.0
2022-01-23 20:00:00,15.8,282,2022-01-23,20.0
2022-01-23 21:00:00,16.7,277,2022-01-23,21.0
2022-01-23 22:00:00,16.2,267,2022-01-23,22.0
2022-01-23 23:00:00,17.1,262,2022-01-23,23.0
2022-01-24 00:00:00,17.3,271,2022-01-24,0.0
2022-01-24 01:00:00,18.0,273,2022-01-24,1.0
2022-01-24 02:00:00,18.9,278,2022-01-24,2.0
2022-01-24 03:00:00,19.2,275,2022-01-24,3.0
2022-01-24 04:00:00,19.8,273,2022-01-24,4.0
2022-01-24 05:00:00,21.0,277,2022-01-24,5.0
2022-01-24 06:00:00,21.8,278,2022-01-24,6.0
2022-01-24 07:00:00,22.3,279,2022-01-24,7.0
2022-01-24 08:00:00,23.3,278,2022-01-24,8.0
2022-01-24 09:00:00,24.7,278,2022-01-24,9.0
2022-01-24 10:00:00,23.0,269,2022-01-24,10.0
2022-01-24 11:00:00,25.8,257,2022-01-24,11.0
2022-01-24 12:00:00,26.6,261,2022-01-24,12.0
2022-01-24 13:00:00,28.3,263,2022-01-24,13.0
2022-01-24 14:00:00,28.2,264,2022-01-24,14.0
2022-01-24 15:00:00,27.8,265,2022-01-24,15.0
2022-01-24 16:00:00,27.4,265,2022-01-24,16.0
2022-01-24 17:00:00,27.9,264,2022-01-24,17.0
2022-01-24 18:00:00,27.4,268,2022-01-24,18.0
2022-01-24 19:00:00,27.4,270,2022-01-24,19.0
2022-01-24 20:00:00,25.2,279,2022-01-24,20.0
2022-01-24 21:00:00,24.5,269,2022-01-24,21.0
2022-01-24 22:00:00,27.0,268,2022-01-24,22.0
2022-01-24 23:00:00,27.7,271,2022-01-24,23.0
2022-01-25 00:00:00,26.8,275,2022-01-25,0.0
2022-01-25 01:00:00,28.1,279,2022-01-25,1.0
2022-01-25 02:00:00,28.8,279,2022-01-25,2.0
2022-01-25 03:00:00,28.0,278,2022-01-25,3.0
2022-01-25 04:00:00,27.9,281,2022-01-25,4.0
2022-01-25 05:00:00,25.5,283,2022-01-25,5.0
2022-01-25 06:00:00,23.9,281,2022-01-25,6.0
2022-01-25 07:00:00,23.7,284,2022-01-25,7.0
2022-01-25 08:00:00,23.6,289,2022-01-25,8.0
2022-01-25 09:00:00,22.7,290,2022-01-25,9.0
2022-01-25 10:00:00,22.4,294,2022-01-25,10.0
2022-01-25 11:00:00,23.5,302,2022-01-25,11.0
2022-01-25 12:00:00,23.5,295,2022-01-25,12.0
2022-01-25 13:00:00,22.5,292,2022-01-25,13.0
2022-01-25 14:00:00,20.4,291,2022-01-25,14.0
2022-01-25 15:00:00,17.7,297,2022-01-25,15.0
2022-01-25 16:00:00,15.4,303,2022-01-25,16.0
2022-01-25 17:00:00,13.9,307,2022-01-25,17.0
2022-01-25 18:00:00,12.8,308,2022-01-25,18.0
2022-01-25 19:00:00,11.2,303,2022-01-25,19.0
2022-01-25 20:00:00,10.6,298,2022-01-25,20.0
2022-01-25 21:00:00,10.3,295,2022-01-25,21.0
2022-01-25 22:00:00,8.6,292,2022-01-25,22.0
2022-01-25 23:00:00,8.0,275,2022-01-25,23.0
2022-01-26 00:00:00,13.0,268,2022-01-26,0.0
2022-01-26 01:00:00,13.4,275,2022-01-26,1.0
2022-01-26 02:00:00,15.9,288,2022-01-26,2.0
2022-01-26 03:00:00,22.9,283,2022-01-26,3.0
2022-01-26 04:00:00,24.8,279,2022-01-26,4.0
2022-01-26 05:00:00,23.9,277,2022-01-26,5.0
2022-01-26 06:00:00,26.8,276,2022-01-26,6.0
2022-01-26 07:00:00,27.1,274,2022-01-26,7.0
2022-01-26 08:00:00,33.5,268,2022-01-26,8.0
2022-01-26 09:00:00,35.3,268,2022-01-26,9.0
2022-01-26 10:00:00,36.4,268,2022-01-26,10.0
2022-01-26 11:00:00,36.2,264,2022-01-26,11.0
2022-01-26 12:00:00,38.7,265,2022-01-26,12.0
2022-01-26 13:00:00,37.1,262,2022-01-26,13.0
2022-01-26 14:00:00,37.5,262,2022-01-26,14.0
2022-01-26 15:00:00,38.8,264,2022-01-26,15.0
2022-01-26 16:00:00,37.9,267,2022-01-26,16.0
2022-01-26 17:00:00,39.2,277,2022-01-26,17.0
2022-01-26 18:00:00,34.2,278,2022-01-26,18.0
2022-01-26 19:00:00,35.4,275,2022-01-26,19.0
2022-01-26 20:00:00,35.7,273,2022-01-26,20.0
2022-01-26 21:00:00,36.8,274,2022-01-26,21.0
2022-01-26 22:00:00,36.4,272,2022-01-26,22.0
2022-01-26 23:00:00,34.4,265,2022-01-26,23.0
2022-01-27 00:00:00,37.5,256,2022-01-27,0.0
2022-01-27 01:00:00,40.2,264,2022-01-27,1.0
2022-01-27 02:00:00,34.1,248,2022-01-27,2.0
2022-01-27 03:00:00,43.0,245,2022-01-27,3.0
2022-01-27 04:00:00,44.1,244,2022-01-27,4.0
2022-01-27 05:00:00,44.9,245,2022-01-27,5.0
2022-01-27 06:00:00,45.9,248,2022-01-27,6.0
2022-01-27 07:00:00,44.6,251,2022-01-27,7.0
2022-01-27 08:00:00,45.3,252,2022-01-27,8.0
2022-01-27 09:00:00,47.7,255,2022-01-27,9.0
2022-01-27 10:00:00,45.7,254,2022-01-27,10.0
2022-01-27 11:00:00,47.9,260,2022-01-27,11.0
2022-01-27 12:00:00,44.6,260,2022-01-27,12.0
2022-01-27 13:00:00,46.0,264,2022-01-27,13.0
2022-01-27 14:00:00,50.9,266,2022-01-27,14.0
2022-01-27 15:00:00,50.5,266,2022-01-27,15.0
2022-01-27 16:00:00,50.9,266,2022-01-27,16.0
2022-01-27 17:00:00,50.1,268,2022-01-27,17.0
2022-01-27 18:00:00,47.9,272,2022-01-27,18.0
2022-01-27 19:00:00,48.3,267,2022-01-27,19.0
2022-01-27 20:00:00,47.9,270,2022-01-27,20.0
2022-01-27 21:00:00,43.0,279,2022-01-27,21.0
2022-01-27 22:00:00,44.8,302,2022-01-27,22.0
2022-01-27 23:00:00,37.0,307,2022-01-27,23.0
2022-01-28 00:00:00,34.3,302,2022-01-28,0.0
2022-01-28 01:00:00,35.9,314,2022-01-28,1.0
2022-01-28 02:00:00,34.0,327,2022-01-28,2.0
2022-01-28 03:00:00,31.7,326,2022-01-28,3.0
2022-01-28 04:00:00,31.9,326,2022-01-28,4.0
2022-01-28 05:00:00,32.0,326,2022-01-28,5.0
2022-01-28 06:00:00,31.4,328,2022-01-28,6.0
2022-01-28 07:00:00,30.8,330,2022-01-28,7.0
2022-01-28 08:00:00,30.2,329,2022-01-28,8.0
2022-01-28 09:00:00,32.0,333,2022-01-28,9.0
2022-01-28 10:00:00,32.1,330,2022-01-28,10.0
2022-01-28 11:00:00,34.8,334,2022-01-28,11.0
2022-01-28 12:00:00,34.3,335,2022-01-28,12.0
2022-01-28 13:00:00,32.0,334,2022-01-28,13.0
2022-01-28 14:00:00,26.4,328,2022-01-28,14.0
2022-01-28 15:00:00,21.4,319,2022-01-28,15.0
2022-01-28 16:00:00,18.4,312,2022-01-28,16.0
2022-01-28 17:00:00,18.6,306,2022-01-28,17.0
2022-01-28 18:00:00,15.3,304,2022-01-28,18.0
2022-01-28 19:00:00,16.9,299,2022-01-28,19.0
2022-01-28 20:00:00,17.2,296,2022-01-28,20.0
2022-01-28 21:00:00,15.8,287,2022-01-28,21.0
2022-01-28 22:00:00,16.2,270,2022-01-28,22.0
2022-01-28 23:00:00,19.7,261,2022-01-28,23.0
2022-01-29 00:00:00,23.6,262,2022-01-29,0.0
2022-01-29 01:00:00,23.7,253,2022-01-29,1.0
2022-01-29 02:00:00,26.7,243,2022-01-29,2.0
2022-01-29 03:00:00,30.3,228,2022-01-29,3.0
2022-01-29 04:00:00,37.3,229,2022-01-29,4.0
2022-01-29 05:00:00,40.2,231,2022-01-29,5.0
2022-01-29 06:00:00,38.5,228,2022-01-29,6.0
2022-01-29 07:00:00,37.9,226,2022-01-29,7.0
2022-01-29 08:00:00,38.5,221,2022-01-29,8.0
2022-01-29 09:00:00,36.7,225,2022-01-29,9.0
2022-01-29 10:00:00,40.1,237,2022-01-29,10.0
2022-01-29 11:00:00,41.9,247,2022-01-29,11.0
2022-01-29 12:00:00,44.5,253,2022-01-29,12.0
2022-01-29 13:00:00,47.8,255,2022-01-29,13.0
2022-01-29 14:00:00,48.8,251,2022-01-29,14.0
2022-01-29 15:00:00,53.8,250,2022-01-29,15.0
2022-01-29 16:00:00,59.7,251,2022-01-29,16.0
2022-01-29 17:00:00,56.1,252,2022-01-29,17.0
2022-01-29 18:00:00,58.2,258,2022-01-29,18.0
2022-01-29 19:00:00,64.3,265,2022-01-29,19.0
2022-01-29 20:00:00,62.3,276,2022-01-29,20.0
2022-01-29 21:00:00,60.9,273,2022-01-29,21.0
2022-01-29 22:00:00,61.3,273,2022-01-29,22.0
2022-01-29 23:00:00,58.3,271,2022-01-29,23.0
2022-01-30 00:00:00,52.6,272,2022-01-30,0.0
2022-01-30 01:00:00,61.7,281,2022-01-30,1.0
2022-01-30 02:00:00,60.6,286,2022-01-30,2.0
2022-01-30 03:00:00,59.0,288,2022-01-30,3.0
2022-01-30 04:00:00,49.3,295,2022-01-30,4.0
2022-01-30 05:00:00,45.1,299,2022-01-30,5.0
2022-01-30 06:00:00,44.9,304,2022-01-30,6.0
2022-01-30 07:00:00,43.6,308,2022-01-30,7.0
2022-01-30 08:00:00,44.8,312,2022-01-30,8.0
2022-01-30 09:00:00,46.9,317,2022-01-30,9.0
2022-01-30 10:00:00,46.6,318,2022-01-30,10.0
2022-01-30 11:00:00,46.9,317,2022-01-30,11.0
2022-01-30 12:00:00,46.2,320,2022-01-30,12.0
2022-01-30 13:00:00,44.3,321,2022-01-30,13.0
2022-01-30 14:00:00,39.0,318,2022-01-30,14.0
2022-01-30 15:00:00,37.3,319,2022-01-30,15.0
2022-01-30 16:00:00,36.7,313,2022-01-30,16.0
2022-01-30 17:00:00,34.6,317,2022-01-30,17.0
2022-01-30 18:00:00,32.1,318,2022-01-30,18.0
2022-01-30 19:00:00,31.9,323,2022-01-30,19.0
2022-01-30 20:00:00,29.3,326,2022-01-30,20.0
2022-01-30 21:00:00,24.5,317,2022-01-30,21.0
2022-01-30 22:00:00,21.2,310,2022-01-30,22.0
2022-01-30 23:00:00,19.7,305,2022-01-30,23.0
2022-01-31 00:00:00,16.6,304,2022-01-31,0.0
2022-01-31 01:00:00,17.0,302,2022-01-31,1.0
2022-01-31 02:00:00,15.7,307,2022-01-31,2.0
2022-01-31 03:00:00,11.7,315,2022-01-31,3.0
2022-01-31 04:00:00,7.7,323,2022-01-31,4.0
2022-01-31 05:00:00,6.1,332,2022-01-31,5.0
2022-01-31 06:00:00,8.4,335,2022-01-31,6.0
2022-01-31 07:00:00,7.0,339,2022-01-31,7.0
2022-01-31 08:00:00,4.3,355,2022-01-31,8.0
2022-01-31 09:00:00,3.9,326,2022-01-31,9.0
2022-01-31 10:00:00,5.2,335,2022-01-31,10.0
2022-01-31 11:00:00,8.4,7,2022-01-31,11.0
2022-01-31 12:00:00,11.0,41,2022-01-31,12.0
2022-01-31 13:00:00,9.1,34,2022-01-31,13.0
2022-01-31 14:00:00,8.6,358,2022-01-31,14.0
2022-01-31 15:00:00,7.8,347,2022-01-31,15.0
2022-01-31 16:00:00,7.6,341,2022-01-31,16.0
2022-01-31 17:00:00,8.2,331,2022-01-31,17.0
2022-01-31 18:00:00,9.4,328,2022-01-31,18.0
2022-01-31 19:00:00,9.7,321,2022-01-31,19.0
2022-01-31 20:00:00,11.5,311,2022-01-31,20.0
2022-01-31 21:00:00,11.7,313,2022-01-31,21.0
2022-01-31 22:00:00,11.2,312,2022-01-31,22.0
2022-01-31 23:00:00,10.2,302,2022-01-31,23.0
